{
  "createdAt": "2026-04-21T14:41:30.740Z",
  "characterPrompt": "",
  "extraPrompt": "Чистый прозраачный фон",
  "pose": {
    "head": { "x": 478, "y": 145.8566429164883 },
    "neck": { "x": 450, "y": 210 },
    "leftShoulder": { "x": 390, "y": 235 },
    "rightShoulder": { "x": 503, "y": 236.76729021375158 },
    "leftElbow": { "x": 355, "y": 301.7034668546539 },
    "rightElbow": { "x": 555, "y": 305.6995392633248 },
    "leftHand": { "x": 540, "y": 368.63767969989175 },
    "rightHand": { "x": 650, "y": 319.685792693673 },
    "torso": { "x": 450, "y": 300 },
    "hip": { "x": 497, "y": 389.617059845414 },
    "leftHip": { "x": 451, "y": 385.6209874367431 },
    "rightHip": { "x": 558, "y": 389.617059845414 },
    "leftKnee": { "x": 394, "y": 479.52868904050956 },
    "rightKnee": { "x": 557, "y": 492.51592436869004 },
    "leftFoot": { "x": 338, "y": 572.4373725421083 },
    "rightFoot": { "x": 571, "y": 574.4354087464437 }
  },
  "finalPrompt": "",
  "referenceImage": "embedded in exported PNG"
}
